key,code,auditPeriodStart,auditPeriodEnd,mark,link,key:codeAudit
audit-record-01,AU-0000-000,2000/02/01 00:00, 2000/02/01 01:00,A,https://l.c,code-audit-01
audit-record-02,AU-0000-001,2000/02/01 00:00, 2000/02/01 00:59,A,ftp://link.com,code-audit-01
audit-record-03,AU-0000-002,2000/02/01 00:00, 2000/02/01 12:00,A,https://lin.co,code-audit-01
audit-record-04,AU-0000-003,2000/02/01 00:00, 2000/02/01 11:59,A,https://lin.com,code-audit-01
audit-record-05,AU-0000-004,2000/02/01 00:00, 2000/02/01 01:00,A,https://linksssssssssssssssssssssssssssssssssssssssssssssssssssssssssssssssssssssssssssssssssssssssssssssssssssssssssssssssssssssssssssssssssssssssssssssssssssssssssssssssssssssssssssssssssssssssssssssssssssssssssssssssssssssssssssssssssssssssssssssss.com,code-audit-01
audit-record-06,AU-0000-005,2000/02/01 00:00, 2000/02/01 01:00,A,https://linkssssssssssssssssssssssssssssssssssssssssssssssssssssssssssssssssssssssssssssssssssssssssssssssssssssssssssssssssssssssssssssssssssssssssssssssssssssssssssssssssssssssssssssssssssssssssssssssssssssssssssssssssssssssssssssssssssssssssssssss.com,code-audit-01
audit-record-07,AU-0000-006,2000/02/01 00:00, 2000/02/01 01:00,A,https://linkssssssssssssssssssssssssssssssssssssssssssssssssssssssssssssssssssssssssssssssssssssssssssssssssssssssssssssssssssssssssssssssssssssssssssssssssssssssssssssssssssssssssssssssssssssssss.com,code-audit-04
audit-record-08,AU-0000-007,2000/02/01 00:00, 2000/02/01 01:00,A,https://link.com,code-audit-02
audit-record-09,AU-0000-008,2000/01/31 00:00, 2000/02/01 01:00,A,https://link.com,code-audit-03
audit-record-10,AU-0000-009,2000/01/31 23:59, 2000/02/01 01:00,A,https://link.com,code-audit-09
audit-record-11,AU-0000-010,2000/02/01 00:00, 2000/02/01 01:00,A,https://link.com,code-audit-08
audit-record-12,AU-0000-011,2000/02/01 00:00, 2000/02/01 01:00,A,https://link.com,code-audit-07
audit-record-13,AU-0000-012,2000/02/01 00:00, 2000/02/01 01:00,A,https://link.com,code-audit-06
audit-record-14,AU-0000-013,2000/02/01 00:00, 2000/02/01 01:00,A,https://link.com,code-audit-02
audit-record-15,AU-0000-014,2000/02/01 00:00, 2000/02/01 01:00,A,https://link.com,code-audit-03
audit-record-16,AU-0000-015,2000/02/01 00:00, 2000/02/01 01:00,A,https://link.com,code-audit-04
audit-record-17,AU-0000-016,2000/02/01 00:00, 2000/02/01 01:00,A,https://link.com,code-audit-05
audit-record-18,AU-0000-017,2000/02/01 00:00, 2000/02/01 01:00,A,https://link.com,code-audit-06
audit-record-19,AU-0000-018,2000/02/01 00:00, 2000/02/01 01:00,A,https://link.com,code-audit-07
audit-record-20,AU-0000-019,2000/02/01 00:00, 2000/02/01 01:00,A,https://link.com,code-audit-08