key,code,registrationTime,dueDate,quantity,tax,link,key:sponsorship
invoice-01,IN-1234-5678,2022/02/13 16:48,2022/03/14 16:48,3,0.5,http://HellowWorldinvoice01.com/,sponsorship-01
invoice-02,IN-1314-7689,2022/02/13 16:48,2022/03/14 16:48,3,1.0,http://HellowWorldinvoice02.com/,sponsorship-01
invoice-03,IN-1314-7689,2001/07/15 19:25,2001/08/16 16:48,3,0.5,http://HellowWorldinvoice03.com/,sponsorship-01
invoice-04,IN-1234-5678,2022/02/13 16:48,2022/03/14 16:48,1,0.5,http://HellowWorldinvoice04.com/,sponsorship-01
invoice-05,IN-1234-5678,2022/02/13 16:48,2022/03/14 16:48,60,0.5,http://HellowWorldinvoice05.com/,sponsorship-01
invoice-06,IN-1234-5678,2022/02/13 16:48,2022/03/14 16:48,3,0.5,http://HellowWorldinvoice06.com/,sponsorship-01
invoice-07,IN-1234-5678,2022/02/13 16:48,2022/03/14 16:48,3,0.5,http://HellowWorldinvoice07.com/,sponsorship-01
invoice-08,IN-1234-5678,2022/02/13 16:48,2022/03/14 16:48,3,0.5,http://h08,sponsorship-01
invoice-09,IN-1234-5678,2022/02/13 16:48,2022/03/14 16:48,3,0.7,http://HellowWorldinvoice09.com/-------------------------------------------------------------------------------------------------------------------------------------------------------------------------------,sponsorship-01
invoice-10,IN-1234-5678,2000/01/01 00:00,2000/02/02 00:00,3,0.9,http://HellowWorldinvoice10.com/,sponsorship-01
invoice-11,IN-1234-5678,2010/01/31 23:59,2200/12/31 23:59,3,0.5,http://HellowWorldinvoice11.com/,sponsorship-01