key,instantiationMoment,title,author,message,email,link
notice-00,2022/05/28 23:59,title,"author-author,author",message,fakeemail@gmail.com,https://notice.com
notice-01,2000/01/01 00:00,title,"author-author,author",message,fakeemail@gmail.com,https://notice.com
notice-02,2000/01/01 00:01,title,"author-author,author",message,fakeemail@gmail.com,https://notice.com
notice-03,2022/07/29 23:59,title,"author-author,author",message,fakeemail@gmail.com,https://notice.com
notice-04,2022/07/30 00:00,title,"author-author,author",message,fakeemail@gmail.com,https://notice.com
notice-05,2000/02/29 00:00,title,"author-author,author",message,fakeemail@gmail.com,https://notice.com
notice-06,2022/05/28 23:59,t,"author-author,author",message,fakeemail@gmail.com,https://notice.com
notice-07,2022/05/28 23:59,ti,"author-author,author",message,fakeemail@gmail.com,https://notice.com
notice-08,2022/05/28 23:59,Esto es un title con 74 caracteres ---------------------------------------,"author-author,author",message,fakeemail@gmail.com,https://notice.com
notice-09,2022/05/28 23:59,Esto es un title con 75 caracteres ----------------------------------------,"author-author,author",message,fakeemail@gmail.com,https://notice.com
notice-10,2022/05/28 23:59,プロジェクト,"author-author,author",message,fakeemail@gmail.com,https://notice.com
notice-11,2022/05/28 23:59,<h1>HolaMundo<h1>,"author-author,author",message,fakeemail@gmail.com,https://notice.com
notice-12,2022/05/28 23:59,'OR 'A' = 'A,"author-author,author",message,fakeemail@gmail.com,https://notice.com
notice-13,2022/05/28 23:59,title,"a-a,a",message,fakeemail@gmail.com,https://notice.com
notice-14,2022/05/28 23:59,title,"a-a,au",message,fakeemail@gmail.com,https://notice.com
notice-15,2022/05/28 23:59,title,"author-author,Esto es un author con 74 caracteres ------------------------",message,fakeemail@gmail.com,https://notice.com
notice-16,2022/05/28 23:59,title,"author-author,Esto es un author con 75 caracteres -------------------------",message,fakeemail@gmail.com,https://notice.com
notice-17,2022/05/28 23:59,title,"author-author,プロジェクト",message,fakeemail@gmail.com,https://notice.com
notice-18,2022/05/28 23:59,title,"author-author,<h1>HolaMundo<h1>",message,fakeemail@gmail.com,https://notice.com
notice-19,2022/05/28 23:59,title,"author-author,'OR 'A' = 'A",message,fakeemail@gmail.com,https://notice.com
notice-20,2022/05/28 23:59,title,"author-author,author",m,fakeemail@gmail.com,https://notice.com
notice-21,2022/05/28 23:59,title,"author-author,author",me,fakeemail@gmail.com,https://notice.com
notice-22,2022/05/28 23:59,title,"author-author,author",Esto es un message con 99 caracteres --------------------------------------------------------------,fakeemail@gmail.com,https://notice.com
notice-23,2022/05/28 23:59,title,"author-author,author",Esto es un message con 100 caracteres --------------------------------------------------------------,fakeemail@gmail.com,https://notice.com
notice-24,2022/05/28 23:59,title,"author-author,author",プロジェクト,fakeemail@gmail.com,https://notice.com
notice-25,2022/05/28 23:59,title,"author-author,author",<h1>HolaMundo<h1>,fakeemail@gmail.com,https://notice.com
notice-26,2022/05/28 23:59,title,"author-author,author",'OR 'A' = 'A,fakeemail@gmail.com,https://notice.com
notice-27,2022/05/28 23:59,title,"author-author,author",message,f@g.es,https://notice.com
notice-28,2022/05/28 23:59,title,"author-author,author",message,fa@g.es,https://notice.com
notice-29,2022/05/28 23:59,title,"author-author,author",message,Este-es-un-correo-electrónico-con-254-caracteres---------------@qwertyuiopasdfghjklzxcvbnmqwertyuiopasdfghjklzxcvbnmqwertyuioas.qwertyuiopasdfghjklzxcvbnmqwertyuiopasdfghjklzxcvbnmqwertyuioas.qwertyuiopasdfghjklzxcvbnmqwertyuiopasdfghjklzxcvbnmqwertyuioa,https://notice.com
notice-30,2022/05/28 23:59,title,"author-author,author",message,Este-es-un-correo-electrónico-con-255-caracteres----------------@qwertyuiopasdfghjklzxcvbnmqwertyuiopasdfghjklzxcvbnmqwertyuioas.qwertyuiopasdfghjklzxcvbnmqwertyuiopasdfghjklzxcvbnmqwertyuioas.qwertyuiopasdfghjklzxcvbnmqwertyuiopasdfghjklzxcvbnmqwertyuioa,https://notice.com
notice-31,2022/05/28 23:59,title,"author-author,author",message,fakeemail@hotmail.com,https://notice.com
notice-33,2022/05/28 23:59,title,"author-author,author",message,プロジェクト@gmail.com,https://notice.com
notice-34,2022/05/28 23:59,title,"author-author,author",message,fakeemail@sf.com,https://notice.com
notice-35,2022/05/28 23:59,title,"author-author,author",message,fakeemail@gmail.author.com,https://notice.com
notice-36,2022/05/28 23:59,title,"author-author,author",message,,https://notice.com
notice-37,2022/05/28 23:59,title,"author-author,author",message,fakeemail@gmail.com,
notice-38,2022/05/28 23:59,title,"author-author,author",message,fakeemail@gmail.com,ftp://
notice-39,2022/05/28 23:59,title,"author-author,author",message,fakeemail@gmail.com,ftp://a
notice-40,2022/05/28 23:59,title,"author-author,author",message,fakeemail@gmail.com,http://Esta-es-la-url-con-254-caracteres----------------------------------------------------------------------------------------------------------------------------------------------------------------------------------------------------------------------
notice-41,2022/05/28 23:59,title,"author-author,author",message,fakeemail@gmail.com,http://Esta-es-la-url-con-255-caracteres-----------------------------------------------------------------------------------------------------------------------------------------------------------------------------------------------------------------------
notice-42,2022/05/28 23:59,title,"author-author,author",message,fakeemail@gmail.com,https://A?type=A&name=example.com
notice-43,2022/05/28 23:59,title,"author-author,author",message,fakeemail@gmail.com,https://A?type
notice-44,2022/05/28 23:59,title,"author-author,author",message,fakeemail@gmail.com,file:///path/to/file.txt
notice-45,2022/05/28 23:59,title,"author-author,author",message,fakeemail@gmail.com,mailto:example@example.com?subject=Subject&body=Body
notice-46,2022/05/28 23:59,title,"author-author,author",message,fakeemail@gmail.com,http://プロジェクト